ID,TARGET
64252,0.0
31278,0.0
148245,0.0
133657,0.0
68463,0.0
30962,0.0
38057,0.0
62257,0.0
26411,0.0
17652,0.0
6929,0.0
137732,0.0
54299,0.0
91117,0.0
40426,0.0
36444,0.0
106938,0.0
85915,0.0
42445,0.0
63017,0.0
96111,0.0
114467,0.0
118351,0.0
109204,0.0
129280,0.0
135693,0.0
112309,0.0
134418,0.0
9381,0.0
78267,0.0
97006,0.0
95941,0.0
143184,0.0
65959,0.0
35766,0.0
76784,0.0
40910,0.0
71431,0.0
56610,0.0
19292,0.0
68612,0.0
91185,0.0
71151,0.0
118783,0.0
58612,0.0
116909,0.0
46324,0.0
40201,0.0
127099,0.0
93790,0.0
128846,0.0
95061,0.0
36742,0.0
98568,0.0
92901,0.0
119724,0.0
20169,0.0
107394,0.0
141688,0.0
106474,0.0
65604,0.0
88610,0.0
102750,0.0
580,0.0
74232,0.0
105303,0.0
112312,0.0
42773,0.0
151497,0.0
94715,0.0
7981,0.0
34471,0.0
82374,0.0
130067,0.0
103026,0.0
68783,0.0
5301,0.0
41004,0.0
59182,0.0
25357,0.0
93905,0.0
47744,0.0
2993,0.0
58805,0.0
128035,0.0
37342,0.0
38885,0.0
113353,0.0
20353,0.0
130061,0.0
12286,0.0
30751,0.0
35562,0.0
53797,0.0
8553,0.0
27600,0.0
112408,0.0
112876,0.0
29293,0.0
107758,0.0
94923,0.0
13646,0.0
52932,0.0
353,0.0
114420,0.0
16000,0.0
90789,0.0
92102,0.0
60655,0.0
18038,0.0
102420,0.0
113647,0.0
143686,0.0
92709,0.0
54963,0.0
38307,0.0
74383,0.0
15423,0.0
31644,0.0
40628,0.0
12287,0.0
146000,0.0
102115,0.0
100598,0.0
124141,0.0
2604,0.0
76952,0.0
103744,0.0
32128,0.0
93490,0.0
38848,0.0
60298,0.0
46379,0.0
27794,0.0
94452,0.0
109986,0.0
81482,0.0
85446,0.0
100482,0.0
7056,0.0
30991,0.0
20208,0.0
126256,0.0
103200,0.0
72217,0.0
99834,0.0
103624,0.0
68126,0.0
114322,0.0
81087,0.0
117505,0.0
50349,0.0
2720,0.0
89477,0.0
71042,0.0
14080,0.0
39921,0.0
125766,0.0
115718,0.0
62079,0.0
218,0.0
49469,0.0
136969,0.0
86147,0.0
10049,0.0
12801,0.0
74803,0.0
19933,0.0
127331,0.0
26472,0.0
69291,0.0
140175,0.0
129859,0.0
63081,0.0
31706,0.0
91583,0.0
41181,0.0
50995,0.0
115,0.0
33263,0.0
107370,0.0
15180,0.0
116583,0.0
63993,0.0
124775,0.0
32715,0.0
147221,0.0
97941,0.0
48777,0.0
7930,0.0
150758,0.0
102030,0.0
105148,0.0
14567,0.0
41037,0.0
11170,0.0
147442,0.0
51990,0.0
95442,0.0
32126,0.0
18381,0.0
53637,0.0
12193,0.0
43182,0.0
7559,0.0
83872,0.0
13282,0.0
102060,0.0
85953,0.0
16470,0.0
124253,0.0
108118,0.0
104500,0.0
151128,0.0
62471,0.0
50990,0.0
71217,0.0
58342,0.0
147710,0.0
63955,0.0
49171,0.0
47238,0.0
93323,0.0
74229,0.0
135970,0.0
52556,0.0
35133,0.0
95258,0.0
7910,0.0
65999,0.0
28327,0.0
79436,0.0
100362,0.0
40969,0.0
102264,0.0
52736,0.0
63793,0.0
90665,0.0
38791,0.0
50157,0.0
125538,0.0
24639,0.0
17410,0.0
126414,0.0
65877,0.0
22374,0.0
72728,0.0
118474,0.0
28245,0.0
137954,0.0
134909,0.0
143655,0.0
59184,0.0
34038,0.0
118725,0.0
102577,0.0
80856,0.0
81506,0.0
2592,0.0
132764,0.0
81152,0.0
149452,0.0
89404,0.0
48889,0.0
87156,0.0
4275,0.0
100207,0.0
133612,0.0
61212,0.0
130943,0.0
30554,0.0
33526,0.0
65416,0.0
39054,0.0
73701,0.0
140458,0.0
113138,0.0
13153,0.0
11547,0.0
135788,0.0
4994,0.0
69514,0.0
90255,0.0
101232,0.0
78680,0.0
134183,0.0
58660,0.0
81107,0.0
144145,0.0
44363,0.0
20847,0.0
99207,0.0
105906,0.0
146178,0.0
66291,0.0
74167,0.0
74502,0.0
49824,0.0
117577,0.0
134169,0.0
95637,0.0
75637,0.0
108043,0.0
82459,0.0
32331,0.0
61211,0.0
18043,0.0
73659,0.0
88158,0.0
86964,0.0
22534,0.0
18709,0.0
146388,0.0
64786,0.0
5771,0.0
128605,0.0
36682,0.0
139104,0.0
111983,0.0
52384,0.0
102494,0.0
132138,0.0
80366,0.0
96384,0.0
83419,0.0
126431,0.0
114961,0.0
6602,0.0
104288,0.0
107301,0.0
109408,0.0
26779,0.0
41403,0.0
133318,0.0
138689,0.0
68688,0.0
121078,0.0
16297,0.0
139151,0.0
129309,0.0
39157,0.0
75635,0.0
126947,0.0
136552,0.0
74018,0.0
143921,0.0
103113,0.0
15594,0.0
97327,0.0
53762,0.0
110331,0.0
55032,0.0
12150,0.0
150456,0.0
28547,0.0
137823,0.0
137644,0.0
1564,0.0
13678,0.0
131848,0.0
148618,0.0
88549,0.0
142308,0.0
20491,0.0
145779,0.0
19910,0.0
109856,0.0
22046,0.0
47919,0.0
40465,0.0
109010,0.0
2447,0.0
5093,0.0
130105,0.0
16500,0.0
14457,0.0
10946,0.0
60045,0.0
146360,0.0
31844,0.0
148664,0.0
146349,0.0
75126,0.0
22409,0.0
55345,0.0
67318,0.0
2786,0.0
107897,0.0
86580,0.0
136257,0.0
43602,0.0
80304,0.0
27398,0.0
114985,0.0
62011,0.0
89944,0.0
91456,0.0
21009,0.0
126200,0.0
80451,0.0
93399,0.0
133476,0.0
113336,0.0
143611,0.0
12609,0.0
141773,0.0
6774,0.0
38052,0.0
22177,0.0
10719,0.0
41601,0.0
148728,0.0
37690,0.0
55656,0.0
1644,0.0
115509,0.0
47801,0.0
49612,0.0
25308,0.0
64823,0.0
697,0.0
120883,0.0
51324,0.0
2506,0.0
126069,0.0
47138,0.0
131811,0.0
140759,0.0
21776,0.0
32460,0.0
76013,0.0
62747,0.0
115938,0.0
140021,0.0
124783,0.0
51997,0.0
43403,0.0
146594,0.0
121714,0.0
59547,0.0
119244,0.0
49758,0.0
58439,0.0
63148,0.0
1401,0.0
10673,0.0
84224,0.0
52355,0.0
120872,0.0
15552,0.0
74297,0.0
28328,0.0
136926,0.0
88228,0.0
124257,0.0
117766,0.0
57118,0.0
116871,0.0
60080,0.0
42937,0.0
36643,0.0
91706,0.0
19158,0.0
54077,0.0
91805,0.0
35290,0.0
111080,0.0
77011,0.0
147660,0.0
31609,0.0
123580,0.0
45584,0.0
81585,0.0
32794,0.0
42492,0.0
90385,0.0
173,0.0
140791,0.0
19960,0.0
47087,0.0
38926,0.0
49871,0.0
100142,0.0
126836,0.0
428,0.0
19080,0.0
131951,0.0
121146,0.0
138784,0.0
148409,0.0
8405,0.0
94550,0.0
130356,0.0
79888,0.0
19509,0.0
137967,0.0
9521,0.0
74632,0.0
107333,0.0
97489,0.0
87362,0.0
100712,0.0
12210,0.0
31498,0.0
64071,0.0
20450,0.0
75627,0.0
49331,0.0
22430,0.0
68963,0.0
136624,0.0
39196,0.0
144475,0.0
131436,0.0
137415,0.0
12231,0.0
51789,0.0
27051,0.0
9607,0.0
31151,0.0
65359,0.0
109635,0.0
44141,0.0
6731,0.0
102818,0.0
106656,0.0
112410,0.0
98202,0.0
84845,0.0
20946,0.0
138179,0.0
137878,0.0
7732,0.0
2399,0.0
54222,0.0
143888,0.0
25365,0.0
45295,0.0
43863,0.0
87589,0.0
146599,0.0
63407,0.0
86089,0.0
134645,0.0
106449,0.0
135471,0.0
94464,0.0
120053,0.0
122652,0.0
130651,0.0
116857,0.0
91515,0.0
37790,0.0
114392,0.0
90715,0.0
90942,0.0
56419,0.0
79030,0.0
110649,0.0
98751,0.0
119819,0.0
49251,0.0
60102,0.0
125431,0.0
142988,0.0
23660,0.0
115378,0.0
74240,0.0
89139,0.0
125871,0.0
133124,0.0
12652,0.0
108217,0.0
58128,0.0
83864,0.0
61460,0.0
33351,0.0
131448,0.0
3785,0.0
106005,0.0
146751,0.0
25324,0.0
135941,0.0
141184,0.0
69059,0.0
24961,0.0
112064,0.0
135490,0.0
93283,0.0
136249,0.0
50872,0.0
135413,0.0
60671,0.0
9143,0.0
148205,0.0
85048,0.0
95908,0.0
16084,0.0
26304,0.0
17341,0.0
65651,0.0
97303,0.0
92254,0.0
105146,0.0
53219,0.0
44481,0.0
27322,0.0
72561,0.0
43847,0.0
52079,0.0
76965,0.0
135356,0.0
115743,0.0
6050,0.0
120347,0.0
17840,0.0
121223,0.0
86382,0.0
61478,0.0
81402,0.0
55337,0.0
32242,0.0
50619,0.0
47672,0.0
129669,0.0
75422,0.0
90604,0.0
134638,0.0
101389,0.0
86210,0.0
149040,0.0
22777,0.0
53828,0.0
76533,0.0
19029,0.0
129862,0.0
119554,0.0
24051,0.0
91588,0.0
16219,0.0
116696,0.0
58820,0.0
62440,0.0
44155,0.0
93657,0.0
7295,0.0
65742,0.0
70714,0.0
712,0.0
9979,0.0
64686,0.0
82327,0.0
84880,0.0
14681,0.0
131211,0.0
37630,0.0
23328,0.0
101711,0.0
43350,0.0
560,0.0
44527,0.0
112057,0.0
48704,0.0
1101,0.0
77588,0.0
121183,0.0
130073,0.0
116964,0.0
81134,0.0
134146,0.0
54101,0.0
140880,0.0
18329,0.0
72296,0.0
14000,0.0
113313,0.0
129864,0.0
55259,0.0
61546,0.0
104004,0.0
100525,0.0
18492,0.0
128623,0.0
141603,0.0
107068,0.0
121531,0.0
127190,0.0
31684,0.0
112052,0.0
146653,0.0
142305,0.0
141704,0.0
16014,0.0
34312,0.0
59226,0.0
12468,0.0
137382,0.0
98841,0.0
114584,0.0
100032,0.0
122626,0.0
139520,0.0
1314,0.0
120524,0.0
133284,0.0
115217,0.0
44892,0.0
106865,0.0
30989,0.0
133323,0.0
127382,0.0
71188,0.0
98689,0.0
808,0.0
30331,0.0
71179,0.0
43341,0.0
47435,0.0
94450,0.0
126558,0.0
93709,0.0
70514,0.0
18695,0.0
94607,0.0
26953,0.0
151100,0.0
68090,0.0
25206,0.0
142720,0.0
40174,0.0
138549,0.0
138025,0.0
46595,0.0
138242,0.0
151406,0.0
49527,0.0
78990,0.0
17982,0.0
68060,0.0
128762,0.0
112690,0.0
110938,0.0
24736,0.0
24587,0.0
23199,0.0
129194,0.0
29330,0.0
92529,0.0
63343,0.0
30098,0.0
54594,0.0
141834,0.0
78179,0.0
106612,0.0
67353,0.0
26057,0.0
65475,0.0
49057,0.0
120964,0.0
84368,0.0
9041,0.0
30288,0.0
145974,0.0
80528,0.0
63311,0.0
125994,0.0
92582,0.0
62950,0.0
70685,0.0
122228,0.0
62814,0.0
103582,0.0
80046,0.0
107534,0.0
55362,0.0
72615,0.0
42107,0.0
78182,0.0
9052,0.0
110065,0.0
33921,0.0
18112,0.0
31854,0.0
141237,0.0
24059,0.0
110345,0.0
73323,0.0
123585,0.0
113292,0.0
120565,0.0
89995,0.0
23802,0.0
47164,0.0
55293,0.0
9778,0.0
75384,0.0
143775,0.0
61307,0.0
8971,0.0
35503,0.0
124821,0.0
64209,0.0
67214,0.0
35433,0.0
76715,0.0
123640,0.0
11577,0.0
96862,0.0
14698,0.0
47677,0.0
21050,0.0
109036,0.0
124174,0.0
138974,0.0
46008,0.0
26362,0.0
134040,0.0
121851,0.0
92633,0.0
73598,0.0
77603,0.0
72749,0.0
26836,0.0
102389,0.0
87677,0.0
81284,0.0
54780,0.0
4028,0.0
95029,0.0
138823,0.0
79135,0.0
67482,0.0
129913,0.0
7815,0.0
148680,0.0
117612,0.0
9733,0.0
57886,0.0
30850,0.0
131472,0.0
19267,0.0
134212,0.0
28019,0.0
30701,0.0
105323,0.0
115112,0.0
15245,0.0
120820,0.0
33306,0.0
48213,0.0
60014,0.0
8031,0.0
85990,0.0
41845,0.0
70953,0.0
2221,0.0
135037,0.0
7973,0.0
60593,0.0
29338,0.0
119796,0.0
88143,0.0
124898,0.0
97639,0.0
77447,0.0
128956,0.0
34114,0.0
52819,0.0
16309,0.0
77024,0.0
30793,0.0
26180,0.0
98899,0.0
120501,0.0
116096,0.0
114787,0.0
122869,0.0
60888,0.0
30796,0.0
97626,0.0
58456,0.0
13051,0.0
110534,0.0
22841,0.0
26796,0.0
126355,0.0
90762,0.0
91411,0.0
43067,0.0
33507,0.0
105275,0.0
145566,0.0
17624,0.0
89886,0.0
59535,0.0
77421,0.0
118256,0.0
61578,0.0
46855,0.0
136440,0.0
75544,0.0
78272,0.0
15265,0.0
1119,0.0
22432,0.0
115428,0.0
88665,0.0
132012,0.0
88628,0.0
129917,0.0
103791,0.0
108132,0.0
61709,0.0
4645,0.0
57179,0.0
62441,0.0
24479,0.0
150701,0.0
60403,0.0
41194,0.0
19531,0.0
72086,0.0
82677,0.0
54018,0.0
120512,0.0
108093,0.0
141319,0.0
56111,0.0
3066,0.0
71928,0.0
33706,0.0
53588,0.0
34861,0.0
130639,0.0
33078,0.0
75197,0.0
7918,0.0
33640,0.0
5209,0.0
144217,0.0
13053,0.0
25119,0.0
124230,0.0
48872,0.0
57233,0.0
135799,0.0
41810,0.0
34739,0.0
115085,0.0
65550,0.0
131877,0.0
142645,0.0
119513,0.0
136434,0.0
62528,0.0
120673,0.0
88078,0.0
90203,0.0
80002,0.0
1703,0.0
129247,0.0
73691,0.0
48990,0.0
126718,0.0
80649,0.0
7853,0.0
20971,0.0
5878,0.0
99678,0.0
54874,0.0
118898,0.0
107790,0.0
141780,0.0
114247,0.0
23796,0.0
36477,0.0
85768,0.0
56847,0.0
40018,0.0
76498,0.0
50911,0.0
111947,0.0
104178,0.0
59110,0.0
62559,0.0
6782,0.0
122480,0.0
134895,0.0
138773,0.0
143098,0.0
49029,0.0
144473,0.0
85374,0.0
101986,0.0
90501,0.0
60196,0.0
44353,0.0
93338,0.0
106556,0.0
3604,0.0
93511,0.0
87688,0.0
110710,0.0
114526,0.0
97930,0.0
80500,0.0
67371,0.0
92753,0.0
66428,0.0
126100,0.0
51932,0.0
4745,0.0
137807,0.0
126907,0.0
135401,0.0
146688,0.0
71348,0.0
76908,0.0
59978,0.0
126913,0.0
47784,0.0
147892,0.0
77479,0.0
27155,0.0
68518,0.0
149748,0.0
46103,0.0
27707,0.0
46480,0.0
34346,0.0
135813,0.0
78721,0.0
86065,0.0
5788,0.0
109737,0.0
143957,0.0
79113,0.0
79245,0.0
33854,0.0
85896,0.0
12909,0.0
98839,0.0
131800,0.0
54287,0.0
87940,0.0
40537,0.0
87853,0.0
74043,0.0
33383,0.0
131458,0.0
34256,0.0
144258,0.0
81611,0.0
19528,0.0
83928,0.0
110402,0.0
129168,0.0
54466,0.0
107568,0.0
9650,0.0
91786,0.0
55527,0.0
14741,0.0
146756,0.0
47326,0.0
129031,0.0
92071,0.0
42454,0.0
34592,0.0
141623,0.0
26129,0.0
113137,0.0
52183,0.0
54957,0.0
72559,0.0
148628,0.0
102016,0.0
51820,0.0
139317,0.0
21068,0.0
24669,0.0
126864,0.0
125339,0.0
106894,0.0
8815,0.0
18419,0.0
94480,0.0
98885,0.0
67446,0.0
99173,0.0
2231,0.0
76356,0.0
46645,0.0
112024,0.0
96844,0.0
79035,0.0
147529,0.0
97967,0.0
83288,0.0
130091,0.0
33071,0.0
23395,0.0
120595,0.0
121667,0.0
104247,0.0
131508,0.0
138848,0.0
51435,0.0
77125,0.0
53031,0.0
28369,0.0
125914,0.0
31832,0.0
87012,0.0
27986,0.0
87632,0.0
9580,0.0
69864,0.0
124377,0.0
64648,0.0
86610,0.0
98092,0.0
120932,0.0
104401,0.0
6033,0.0
129285,0.0
51831,0.0
76942,0.0
65951,0.0
143042,0.0
40790,0.0
49861,0.0
126441,0.0
128637,0.0
33962,0.0
10838,0.0
17011,0.0
75905,0.0
76269,0.0
127076,0.0
82631,0.0
104119,0.0
76390,0.0
7777,0.0
93958,0.0
136465,0.0
90046,0.0
149506,0.0
58908,0.0
100024,0.0
45841,0.0
54813,0.0
35608,0.0
53037,0.0
2473,0.0
105364,0.0
11076,0.0
98352,0.0
7949,0.0
141182,0.0
27790,0.0
35532,0.0
54818,0.0
71082,0.0
57193,0.0
114252,0.0
106441,0.0
93651,0.0
90600,0.0
143035,0.0
17856,0.0
54377,0.0
87888,0.0
61587,0.0
55095,0.0
67890,0.0
73096,0.0
81703,0.0
76873,0.0
107961,0.0
39652,0.0
38165,0.0
138894,0.0
70141,0.0
129792,0.0
101047,0.0
5493,0.0
132662,0.0
98471,0.0
2099,0.0
99968,0.0
24032,0.0
124740,0.0
111059,0.0
16635,0.0
88352,0.0
101501,0.0
150798,0.0
88849,0.0
98882,0.0
88860,0.0
126533,0.0
109236,0.0
96445,0.0
143303,0.0
43279,0.0
119525,0.0
112087,0.0
108908,0.0
63274,0.0
101351,0.0
106013,0.0
95932,0.0
19487,0.0
37742,0.0
46752,0.0
3775,0.0
132638,0.0
2646,0.0
95481,0.0
50939,0.0
14622,0.0
81510,0.0
71963,0.0
35796,0.0
16499,0.0
31976,0.0
13638,0.0
84390,0.0
146610,0.0
125089,0.0
138039,0.0
6114,0.0
121989,0.0
12177,0.0
8018,0.0
74364,0.0
36564,0.0
116644,0.0
129251,0.0
21934,0.0
78916,0.0
20968,0.0
66379,0.0
61405,0.0
60446,0.0
35773,0.0
147563,0.0
150585,0.0
40053,0.0
58614,0.0
92194,0.0
67898,0.0
6286,0.0
13886,0.0
90453,0.0
51587,0.0
122579,0.0
51366,0.0
77076,0.0
41453,0.0
105462,0.0
95192,0.0
105381,0.0
100050,0.0
38326,0.0
26886,0.0
67894,0.0
92133,0.0
117418,0.0
59635,0.0
54886,0.0
108869,0.0
117756,0.0
83204,0.0
122407,0.0
35023,0.0
96798,0.0
50891,0.0
5940,0.0
38812,0.0
88973,0.0
102527,0.0
21373,0.0
1395,0.0
89825,0.0
145725,0.0
90245,0.0
132054,0.0
10363,0.0
20896,0.0
14657,0.0
88692,0.0
75435,0.0
65081,0.0
18598,0.0
114821,0.0
64056,0.0
151381,0.0
100283,0.0
5601,0.0
95324,0.0
15988,0.0
104293,0.0
150505,0.0
34713,0.0
97179,0.0
71941,0.0
92983,0.0
125296,0.0
103462,0.0
110734,0.0
64840,0.0
143282,0.0
91338,0.0
89356,0.0
26661,0.0
106699,0.0
147219,0.0
119269,0.0
147723,0.0
97963,0.0
40549,0.0
62371,0.0
136269,0.0
123499,0.0
128511,0.0
40995,0.0
146986,0.0
147045,0.0
150314,0.0
40430,0.0
108620,0.0
71358,0.0
26705,0.0
95260,0.0
98316,0.0
115395,0.0
18596,0.0
42343,0.0
46005,0.0
20111,0.0
9677,0.0
125506,0.0
134964,0.0
124811,0.0
124903,0.0
102443,0.0
59490,0.0
58318,0.0
25705,0.0
130952,0.0
79562,0.0
60993,0.0
61788,0.0
12620,0.0
149121,0.0
94417,0.0
24797,0.0
131198,0.0
26872,0.0
23065,0.0
635,0.0
146384,0.0
31539,0.0
41799,0.0
133827,0.0
61100,0.0
104520,0.0
140344,0.0
108773,0.0
45026,0.0
56365,0.0
55077,0.0
61428,0.0
131724,0.0
7065,0.0
24586,0.0
150411,0.0
85336,0.0
145176,0.0
82390,0.0
78968,0.0
26589,0.0
70227,0.0
84884,0.0
119456,0.0
30077,0.0
16367,0.0
101778,0.0
48770,0.0
137048,0.0
137776,0.0
68388,0.0
37345,0.0
1772,0.0
114397,0.0
67346,0.0
74809,0.0
41235,0.0
3290,0.0
84311,0.0
10898,0.0
26416,0.0
140718,0.0
50063,0.0
25596,0.0
48575,0.0
108935,0.0
34650,0.0
115833,0.0
50522,0.0
138414,0.0
90025,0.0
102538,0.0
99316,0.0
23509,0.0
15259,0.0
113889,0.0
136596,0.0
52835,0.0
8275,0.0
105382,0.0
64923,0.0
132970,0.0
118462,0.0
71404,0.0
138452,0.0
140081,0.0
29308,0.0
26231,0.0
95575,0.0
122368,0.0
140927,0.0
71778,0.0
87700,0.0
8452,0.0
111550,0.0
138623,0.0
87063,0.0
148053,0.0
44753,0.0
25977,0.0
53193,0.0
145557,0.0
100977,0.0
110953,0.0
20839,0.0
85274,0.0
145460,0.0
58409,0.0
148775,0.0
70947,0.0
129760,0.0
62109,0.0
96144,0.0
72229,0.0
110077,0.0
111242,0.0
29536,0.0
51860,0.0
29865,0.0
60514,0.0
136298,0.0
70311,0.0
31681,0.0
26660,0.0
103137,0.0
151398,0.0
64945,0.0
108090,0.0
28994,0.0
141960,0.0
112168,0.0
14433,0.0
12967,0.0
24035,0.0
144137,0.0
28017,0.0
74444,0.0
30864,0.0
40961,0.0
75020,0.0
113048,0.0
22661,0.0
32149,0.0
56279,0.0
42867,0.0
119613,0.0
68339,0.0
57001,0.0
98641,0.0
23411,0.0
19916,0.0
92380,0.0
36776,0.0
54121,0.0
139418,0.0
117636,0.0
18561,0.0
107766,0.0
79604,0.0
84345,0.0
112265,0.0
12708,0.0
151433,0.0
96153,0.0
60785,0.0
56302,0.0
17589,0.0
137746,0.0
31889,0.0
95399,0.0
62041,0.0
146468,0.0
80141,0.0
148899,0.0
95011,0.0
3730,0.0
119084,0.0
131014,0.0
63708,0.0
48167,0.0
135632,0.0
80354,0.0
31177,0.0
112738,0.0
114368,0.0
117170,0.0
86501,0.0
44073,0.0
100378,0.0
88896,0.0
4977,0.0
58556,0.0
137940,0.0
8653,0.0
30320,0.0
80873,0.0
29099,0.0
3045,0.0
36624,0.0
101631,0.0
98796,0.0
12255,0.0
104591,0.0
72435,0.0
18796,0.0
3782,0.0
82757,0.0
68538,0.0
119926,0.0
14663,0.0
51884,0.0
85673,0.0
131289,0.0
1134,0.0
12526,0.0
3623,0.0
38534,0.0
98984,0.0
10299,0.0
131748,0.0
14765,0.0
63758,0.0
23931,0.0
142585,0.0
6468,0.0
19991,0.0
26237,0.0
71970,0.0
88727,0.0
4933,0.0
72765,0.0
105266,0.0
4710,0.0
97102,0.0
80742,0.0
97926,0.0
88872,0.0
61910,0.0
52182,0.0
2569,0.0
65856,0.0
86635,0.0
31556,0.0
139512,0.0
53060,0.0
88835,0.0
133319,0.0
41330,0.0
112459,0.0
88236,0.0
144445,0.0
121051,0.0
139636,0.0
54441,0.0
30290,0.0
120077,0.0
85753,0.0
97709,0.0
68843,0.0
3719,0.0
104851,0.0
136359,0.0
96351,0.0
71740,0.0
55147,0.0
140704,0.0
88080,0.0
31861,0.0
12476,0.0
108523,0.0
90265,0.0
60299,0.0
33229,0.0
67153,0.0
105187,0.0
79254,0.0
97067,0.0
93825,0.0
129946,0.0
67535,0.0
68489,0.0
114626,0.0
23459,0.0
12094,0.0
51042,0.0
93532,0.0
65926,0.0
2964,0.0
147810,0.0
22796,0.0
12813,0.0
52189,0.0
20427,0.0
61763,0.0
96588,0.0
89573,0.0
21263,0.0
5701,0.0
148319,0.0
75436,0.0
17560,0.0
116274,0.0
126917,0.0
91306,0.0
11371,0.0
125675,0.0
118441,0.0
34281,0.0
114673,0.0
82837,0.0
86013,0.0
14747,0.0
74614,0.0
75750,0.0
88805,0.0
835,0.0
11817,0.0
128248,0.0
144282,0.0
110725,0.0
139438,0.0
13640,0.0
37927,0.0
73632,0.0
75907,0.0
138799,0.0
129505,0.0
45176,0.0
6046,0.0
124447,0.0
15202,0.0
6185,0.0
94327,0.0
128960,0.0
108695,0.0
143008,0.0
35208,0.0
63073,0.0
52031,0.0
77966,0.0
139848,0.0
118994,0.0
78944,0.0
71489,0.0
151770,0.0
94135,0.0
55136,0.0
57349,0.0
99473,0.0
39726,0.0
27067,0.0
90526,0.0
112264,0.0
44174,0.0
89834,0.0
136266,0.0
26296,0.0
43194,0.0
113543,0.0
51278,0.0
13722,0.0
108144,0.0
113675,0.0
64669,0.0
54443,0.0
43028,0.0
74373,0.0
41118,0.0
10244,0.0
100635,0.0
75278,0.0
50988,0.0
116369,0.0
36200,0.0
49580,0.0
121218,0.0
147812,0.0
126724,0.0
68344,0.0
95020,0.0
61452,0.0
121126,0.0
18524,0.0
72500,0.0
57798,0.0
84797,0.0
19915,0.0
108186,0.0
139070,0.0
10472,0.0
148134,0.0
78829,0.0
40963,0.0
84668,0.0
137083,0.0
78418,0.0
115800,0.0
92612,0.0
98764,0.0
142526,0.0
118250,0.0
44923,0.0
113676,0.0
148662,0.0
141770,0.0
76991,0.0
103800,0.0
151586,0.0
126251,0.0
77163,0.0
28191,0.0
118567,0.0
102929,0.0
8494,0.0
151408,0.0
109741,0.0
106818,0.0
143660,0.0
124659,0.0
136462,0.0
25307,0.0
73516,0.0
1574,0.0
20317,0.0
72440,0.0
108892,0.0
101112,0.0
27076,0.0
137615,0.0
70331,0.0
345,0.0
49669,0.0
24499,0.0
146412,0.0
686,0.0
34719,0.0
13027,0.0
50910,0.0
53177,0.0
85393,0.0
115709,0.0
119444,0.0
11479,0.0
134048,0.0
75396,0.0
131175,0.0
1131,0.0
79995,0.0
95203,0.0
3092,0.0
1167,0.0
99263,0.0
13856,0.0
81917,0.0
88539,0.0
106543,0.0
41460,0.0
73457,0.0
19149,0.0
10215,0.0
71608,0.0
141498,0.0
1426,0.0
69630,0.0
71950,0.0
64097,0.0
8521,0.0
125908,0.0
32447,0.0
138943,0.0
69959,0.0
100585,0.0
121886,0.0
121088,0.0
44236,0.0
93161,0.0
66390,0.0
39488,0.0
24551,0.0
151754,0.0
43655,0.0
147666,0.0
105780,0.0
100891,0.0
5180,0.0
102363,0.0
45855,0.0
131744,0.0
22116,0.0
68618,0.0
15447,0.0
109330,0.0
86027,0.0
42588,0.0
151430,0.0
105662,0.0
37223,0.0
18677,0.0
135047,0.0
35379,0.0
140838,0.0
79501,0.0
116712,0.0
25765,0.0
137650,0.0
33972,0.0
107659,0.0
94932,0.0
109325,0.0
80658,0.0
8497,0.0
46765,0.0
105741,0.0
144679,0.0
92889,0.0
128337,0.0
127287,0.0
24314,0.0
122562,0.0
151522,0.0
72585,0.0
38680,0.0
107104,0.0
1592,0.0
110842,0.0
111895,0.0
23875,0.0
126571,0.0
56244,0.0
31522,0.0
877,0.0
130708,0.0
63150,0.0
132468,0.0
65183,0.0
56605,0.0
144255,0.0
107919,0.0
71924,0.0
101752,0.0
31516,0.0
126098,0.0
21579,0.0
105991,0.0
108604,0.0
126800,0.0
43726,0.0
48102,0.0
30752,0.0
43385,0.0
5421,0.0
109505,0.0
7292,0.0
82153,0.0
35594,0.0
126789,0.0
39886,0.0
1954,0.0
72225,0.0
100676,0.0
16281,0.0
27734,0.0
120161,0.0
15698,0.0
61941,0.0
20786,0.0
142306,0.0
132968,0.0
30236,0.0
124998,0.0
2948,0.0
66434,0.0
1033,0.0
62279,0.0
124543,0.0
77623,0.0
127017,0.0
84171,0.0
25230,0.0
101166,0.0
77147,0.0
142383,0.0
128837,0.0
45158,0.0
79693,0.0
113143,0.0
105159,0.0
113742,0.0
89244,0.0
37157,0.0
19430,0.0
65284,0.0
91459,0.0
151275,0.0
89219,0.0
24774,0.0
26881,0.0
33714,0.0
141526,0.0
97304,0.0
91950,0.0
79584,0.0
131374,0.0
19436,0.0
12720,0.0
109790,0.0
147897,0.0
121422,0.0
78144,0.0
130776,0.0
53853,0.0
36245,0.0
120593,0.0
41410,0.0
138275,0.0
113633,0.0
6804,0.0
85209,0.0
3689,0.0
141248,0.0
91197,0.0
22885,0.0
89203,0.0
133958,0.0
59147,0.0
108378,0.0
104423,0.0
104112,0.0
26431,0.0
136320,0.0
77568,0.0
3508,0.0
53373,0.0
115424,0.0
50635,0.0
85195,0.0
11540,0.0
113965,0.0
22484,0.0
91162,0.0
134547,0.0
33780,0.0
33670,0.0
130625,0.0
95554,0.0
65009,0.0
90985,0.0
17292,0.0
42372,0.0
90398,0.0
87559,0.0
99227,0.0
142296,0.0
119504,0.0
82595,0.0
30377,0.0
18380,0.0
29232,0.0
126199,0.0
30531,0.0
9914,0.0
18443,0.0
78637,0.0
109149,0.0
44142,0.0
90050,0.0
82248,0.0
130322,0.0
151376,0.0
56440,0.0
92205,0.0
24769,0.0
37519,0.0
131549,0.0
107145,0.0
134654,0.0
31820,0.0
91575,0.0
118689,0.0
108274,0.0
48088,0.0
52184,0.0
142268,0.0
101111,0.0
63816,0.0
131230,0.0
72978,0.0
46345,0.0
139724,0.0
60606,0.0
61961,0.0
113488,0.0
17505,0.0
34016,0.0
453,0.0
90813,0.0
34130,0.0
51543,0.0
141387,0.0
102268,0.0
114648,0.0
42282,0.0
93117,0.0
126526,0.0
17776,0.0
41446,0.0
115306,0.0
63340,0.0
51611,0.0
1904,0.0
50779,0.0
69433,0.0
105340,0.0
84488,0.0
93307,0.0
59316,0.0
93102,0.0
66779,0.0
37955,0.0
112105,0.0
87977,0.0
15272,0.0
27914,0.0
140241,0.0
95472,0.0
52797,0.0
111417,0.0
123786,0.0
84479,0.0
88657,0.0
41838,0.0
97072,0.0
127911,0.0
100908,0.0
123678,0.0
16846,0.0
106114,0.0
140008,0.0
141663,0.0
136304,0.0
128086,0.0
66609,0.0
63611,0.0
121364,0.0
84115,0.0
2064,0.0
48350,0.0
143251,0.0
55241,0.0
92147,0.0
47774,0.0
140963,0.0
20141,0.0
118281,0.0
150383,0.0
115402,0.0
70305,0.0
120544,0.0
87513,0.0
46125,0.0
100684,0.0
61973,0.0
72525,0.0
111723,0.0
5843,0.0
15082,0.0
147813,0.0
147249,0.0
103330,0.0
1328,0.0
14782,0.0
30893,0.0
103904,0.0
139702,0.0
27543,0.0
1408,0.0
22719,0.0
108872,0.0
44848,0.0
62899,0.0
73762,0.0
111597,0.0
80360,0.0
94311,0.0
141873,0.0
55467,0.0
103190,0.0
70302,0.0
88200,0.0
132760,0.0
99116,0.0
59432,0.0
145961,0.0
68803,0.0
64401,0.0
60982,0.0
52326,0.0
50735,0.0
6966,0.0
68086,0.0
45357,0.0
69064,0.0
78460,0.0
129692,0.0
92209,0.0
8022,0.0
72618,0.0
102455,0.0
6705,0.0
65832,0.0
6631,0.0
30853,0.0
113251,0.0
127786,0.0
33327,0.0
85583,0.0
49133,0.0
137365,0.0
3233,0.0
26448,0.0
24743,0.0
71211,0.0
2193,0.0
15114,0.0
4103,0.0
18204,0.0
24486,0.0
14347,0.0
33028,0.0
30723,0.0
60637,0.0
30145,0.0
107755,0.0
144396,0.0
84047,0.0
49510,0.0
31916,0.0
49518,0.0
26764,0.0
7928,0.0
45341,0.0
80080,0.0
21692,0.0
72054,0.0
131599,0.0
53399,0.0
139202,0.0
20372,0.0
29292,0.0
649,0.0
118908,0.0
126853,0.0
31453,0.0
47246,0.0
138850,0.0
132897,0.0
44504,0.0
26604,0.0
125821,0.0
90619,0.0
17843,0.0
67768,0.0
141734,0.0
120319,0.0
17228,0.0
70565,0.0
99229,0.0
69267,0.0
145758,0.0
137648,0.0
112911,0.0
88220,0.0
135622,0.0
115560,0.0
128243,0.0
99351,0.0
71833,0.0
57805,0.0
130837,0.0
725,0.0
14643,0.0
28372,0.0
92015,0.0
141974,0.0
22309,0.0
147605,0.0
75188,0.0
47097,0.0
16671,0.0
89370,0.0
132774,0.0
13590,0.0
91849,0.0
42069,0.0
6204,0.0
79606,0.0
19078,0.0
144264,0.0
135725,0.0
64934,0.0
72586,0.0
33007,0.0
27675,0.0
5597,0.0
18955,0.0
146449,0.0
88284,0.0
35808,0.0
57016,0.0
126783,0.0
36167,0.0
89771,0.0
136953,0.0
139475,0.0
97558,0.0
94535,0.0
77002,0.0
8148,0.0
142686,0.0
86965,0.0
4345,0.0
108867,0.0
8634,0.0
105066,0.0
79592,0.0
52789,0.0
220,0.0
44433,0.0
85413,0.0
57329,0.0
85030,0.0
115526,0.0
80537,0.0
21207,0.0
59360,0.0
91707,0.0
58065,0.0
85964,0.0
88474,0.0
69183,0.0
36345,0.0
147740,0.0
137561,0.0
66708,0.0
18167,0.0
30059,0.0
45331,0.0
81478,0.0
19276,0.0
97921,0.0
103357,0.0
33961,0.0
118860,0.0
88290,0.0
101953,0.0
56316,0.0
22927,0.0
7085,0.0
136055,0.0
35607,0.0
82619,0.0
18579,0.0
31555,0.0
119913,0.0
22190,0.0
37087,0.0
4521,0.0
70433,0.0
39289,0.0
87194,0.0
90444,0.0
24141,0.0
21658,0.0
124113,0.0
138439,0.0
19004,0.0
17787,0.0
20012,0.0
100336,0.0
144020,0.0
2436,0.0
37665,0.0
66140,0.0
13058,0.0
22937,0.0
4271,0.0
119998,0.0
63124,0.0
92530,0.0
150592,0.0
68109,0.0
102796,0.0
91450,0.0
104286,0.0
71979,0.0
138845,0.0
89428,0.0
117516,0.0
2398,0.0
124545,0.0
102358,0.0
51499,0.0
119115,0.0
96838,0.0
61329,0.0
54765,0.0
39983,0.0
84178,0.0
88086,0.0
39439,0.0
103666,0.0
6521,0.0
8051,0.0
32628,0.0
116458,0.0
130298,0.0
90846,0.0
67836,0.0
134232,0.0
56485,0.0
114200,0.0
133857,0.0
1534,0.0
105220,0.0
73160,0.0
77123,0.0
141692,0.0
21269,0.0
46515,0.0
79550,0.0
18277,0.0
84125,0.0
5811,0.0
82820,0.0
54499,0.0
150043,0.0
112794,0.0
66475,0.0
127896,0.0
41904,0.0
30457,0.0
68372,0.0
128142,0.0
111249,0.0
19061,0.0
37149,0.0
77241,0.0
3243,0.0
68745,0.0
147713,0.0
42140,0.0
16793,0.0
69766,0.0
100145,0.0
11580,0.0
55367,0.0
56255,0.0
4623,0.0
66376,0.0
116284,0.0
76880,0.0
2902,0.0
88620,0.0
24633,0.0
42376,0.0
112364,0.0
141009,0.0
123441,0.0
31236,0.0
106164,0.0
37290,0.0
89094,0.0
148223,0.0
5735,0.0
59937,0.0
86712,0.0
39918,0.0
34879,0.0
135721,0.0
143844,0.0
98732,0.0
73826,0.0
45587,0.0
37389,0.0
56530,0.0
135633,0.0
132848,0.0
22234,0.0
16625,0.0
35211,0.0
68381,0.0
30715,0.0
124144,0.0
122084,0.0
82272,0.0
140378,0.0
142682,0.0
140761,0.0
98197,0.0
23901,0.0
133359,0.0
88067,0.0
83517,0.0
15745,0.0
137394,0.0
3972,0.0
15023,0.0
102699,0.0
302,0.0
129770,0.0
35061,0.0
124260,0.0
104976,0.0
6787,0.0
118094,0.0
138215,0.0
14791,0.0
127406,0.0
53027,0.0
9134,0.0
136530,0.0
12623,0.0
106471,0.0
122210,0.0
144767,0.0
64158,0.0
29111,0.0
50366,0.0
24002,0.0
26377,0.0
86688,0.0
92213,0.0
13668,0.0
87703,0.0
149466,0.0
148224,0.0
95662,0.0
56966,0.0
119943,0.0
98036,0.0
86020,0.0
105423,0.0
107586,0.0
53142,0.0
18552,0.0
19644,0.0
134558,0.0
54655,0.0
11851,0.0
46342,0.0
81195,0.0
119786,0.0
5416,0.0
60546,0.0
57561,0.0
125282,0.0
81124,0.0
58262,0.0
34725,0.0
81943,0.0
76245,0.0
81990,0.0
120510,0.0
55661,0.0
14484,0.0
102019,0.0
128055,0.0
33317,0.0
148067,0.0
67523,0.0
35466,0.0
71798,0.0
103831,0.0
64120,0.0
15385,0.0
73993,0.0
6097,0.0
49557,0.0
59199,0.0
59532,0.0
72365,0.0
139761,0.0
103916,0.0
28233,0.0
114728,0.0
45730,0.0
93650,0.0
85608,0.0
142279,0.0
64565,0.0
78222,0.0
14487,0.0
126001,0.0
56041,0.0
105000,0.0
69910,0.0
26739,0.0
96896,0.0
136529,0.0
78164,0.0
4082,0.0
135923,0.0
14333,0.0
11181,0.0
115007,0.0
107141,0.0
61864,0.0
147778,0.0
133041,0.0
133088,0.0
84212,0.0
63449,0.0
25617,0.0
17442,0.0
129443,0.0
10226,0.0
57383,0.0
29983,0.0
148104,0.0
86593,0.0
108670,0.0
101149,0.0
32726,0.0
132762,0.0
143441,0.0
35565,0.0
95046,0.0
81459,0.0
52689,0.0
120700,0.0
51942,0.0
145899,0.0
3891,0.0
72670,0.0
94751,0.0
2844,0.0
41718,0.0
115972,0.0
13319,0.0
82659,0.0
17065,0.0
104885,0.0
92964,0.0
138109,0.0
19954,0.0
10958,0.0
68768,0.0
14501,0.0
80518,0.0
91248,0.0
82610,0.0
34566,0.0
110387,0.0
134727,0.0
38708,0.0
48845,0.0
106228,0.0
459,0.0
18983,0.0
40084,0.0
29484,0.0
36055,0.0
74551,0.0
145466,0.0
92661,0.0
104850,0.0
4012,0.0
149557,0.0
109446,0.0
147255,0.0
10471,0.0
5347,0.0
56091,0.0
125990,0.0
61337,0.0
28384,0.0
818,0.0
76823,0.0
88400,0.0
84066,0.0
104131,0.0
114289,0.0
151775,0.0
92163,0.0
23952,0.0
6025,0.0
40372,0.0
27753,0.0
59688,0.0
104230,0.0
135207,0.0
41042,0.0
75070,0.0
70449,0.0
149302,0.0
9447,0.0
108584,0.0
20105,0.0
22133,0.0
30060,0.0
95251,0.0
13830,0.0
126155,0.0
54933,0.0
117295,0.0
38079,0.0
38606,0.0
13430,0.0
33006,0.0
8745,0.0
12742,0.0
44666,0.0
1136,0.0
122617,0.0
6174,0.0
29450,0.0
55682,0.0
54715,0.0
19482,0.0
78143,0.0
93078,0.0
143299,0.0
56198,0.0
111538,0.0
38275,0.0
18011,0.0
8877,0.0
120925,0.0
40970,0.0
44866,0.0
130367,0.0
151368,0.0
113839,0.0
95529,0.0
69797,0.0
79235,0.0
80533,0.0
110187,0.0
67444,0.0
147652,0.0
83130,0.0
80120,0.0
79193,0.0
50453,0.0
114123,0.0
139940,0.0
9511,0.0
23014,0.0
40302,0.0
149907,0.0
88066,0.0
17015,0.0
100838,0.0
68540,0.0
37274,0.0
125091,0.0
29829,0.0
32638,0.0
3004,0.0
119587,0.0
1924,0.0
94424,0.0
129054,0.0
46386,0.0
148093,0.0
33244,0.0
141395,0.0
95951,0.0
100021,0.0
46233,0.0
58745,0.0
28264,0.0
123292,0.0
120020,0.0
129559,0.0
117313,0.0
54934,0.0
3897,0.0
3369,0.0
123976,0.0
74937,0.0
102579,0.0
141489,0.0
28822,0.0
78955,0.0
73183,0.0
9182,0.0
35831,0.0
96468,0.0
86527,0.0
46141,0.0
110105,0.0
28171,0.0
124285,0.0
98880,0.0
2226,0.0
81833,0.0
1634,0.0
60194,0.0
18449,0.0
120655,0.0
14377,0.0
59138,0.0
86215,0.0
32020,0.0
80149,0.0
104429,0.0
21508,0.0
3905,0.0
124169,0.0
24957,0.0
64802,0.0
148982,0.0
16423,0.0
101750,0.0
118134,0.0
119823,0.0
110976,0.0
88099,0.0
131409,0.0
51295,0.0
117140,0.0
110823,0.0
61874,0.0
146364,0.0
12458,0.0
149845,0.0
20375,0.0
126634,0.0
52921,0.0
124666,0.0
21302,0.0
55137,0.0
13089,0.0
131925,0.0
6427,0.0
123936,0.0
75798,0.0
100965,0.0
41499,0.0
89452,0.0
17061,0.0
53043,0.0
112725,0.0
77813,0.0
9263,0.0
103098,0.0
35431,0.0
147433,0.0
70374,0.0
150846,0.0
105805,0.0
36931,0.0
85922,0.0
92073,0.0
38713,0.0
85461,0.0
123670,0.0
52782,0.0
63350,0.0
143629,0.0
77655,0.0
35089,0.0
33302,0.0
71864,0.0
15742,0.0
136573,0.0
46944,0.0
23884,0.0
22006,0.0
98257,0.0
39313,0.0
68946,0.0
95168,0.0
98134,0.0
21857,0.0
45305,0.0
37011,0.0
33532,0.0
21940,0.0
140891,0.0
101496,0.0
148687,0.0
107752,0.0
134816,0.0
113758,0.0
46109,0.0
149437,0.0
64054,0.0
53566,0.0
76725,0.0
77154,0.0
105053,0.0
59204,0.0
30980,0.0
33210,0.0
119232,0.0
60422,0.0
1894,0.0
133738,0.0
3771,0.0
117490,0.0
103425,0.0
87374,0.0
64008,0.0
25120,0.0
109326,0.0
85805,0.0
121054,0.0
71176,0.0
59661,0.0
27726,0.0
133793,0.0
25074,0.0
58547,0.0
95802,0.0
39723,0.0
98571,0.0
32604,0.0
89832,0.0
4045,0.0
41825,0.0
17660,0.0
138289,0.0
58758,0.0
44331,0.0
139180,0.0
49685,0.0
92759,0.0
31354,0.0
24977,0.0
70344,0.0
514,0.0
144850,0.0
25719,0.0
37434,0.0
145573,0.0
111013,0.0
10055,0.0
138442,0.0
33704,0.0
77708,0.0
19938,0.0
150762,0.0
14985,0.0
81505,0.0
3912,0.0
103746,0.0
2641,0.0
45427,0.0
68124,0.0
58317,0.0
18993,0.0
51903,0.0
140197,0.0
133734,0.0
121234,0.0
49733,0.0
95856,0.0
136056,0.0
15870,0.0
106307,0.0
102261,0.0
43568,0.0
148945,0.0
4810,0.0
67481,0.0
27879,0.0
53496,0.0
66679,0.0
126792,0.0
92577,0.0
123672,0.0
60214,0.0
101353,0.0
55164,0.0
16740,0.0
17052,0.0
149285,0.0
72228,0.0
50968,0.0
1295,0.0
115073,0.0
44859,0.0
89455,0.0
23916,0.0
111155,0.0
149723,0.0
109709,0.0
130847,0.0
96546,0.0
32805,0.0
14283,0.0
98370,0.0
37076,0.0
137039,0.0
122837,0.0
73859,0.0
115317,0.0
84021,0.0
5900,0.0
140668,0.0
26568,0.0
125655,0.0
99927,0.0
48478,0.0
24124,0.0
25115,0.0
38518,0.0
33206,0.0
33945,0.0
31905,0.0
18285,0.0
102164,0.0
40181,0.0
53568,0.0
22629,0.0
25291,0.0
124572,0.0
30910,0.0
133801,0.0
126476,0.0
100798,0.0
134757,0.0
34975,0.0
147871,0.0
134029,0.0
8363,0.0
45078,0.0
52172,0.0
68509,0.0
39432,0.0
45472,0.0
33358,0.0
26502,0.0
114106,0.0
105034,0.0
118483,0.0
24618,0.0
16582,0.0
36364,0.0
45113,0.0
111521,0.0
11150,0.0
150977,0.0
112333,0.0
117689,0.0
99028,0.0
66951,0.0
128590,0.0
78040,0.0
95850,0.0
109698,0.0
141220,0.0
57944,0.0
8879,0.0
35454,0.0
70341,0.0
7166,0.0
31592,0.0
81846,0.0
130436,0.0
71757,0.0
149368,0.0
112786,0.0
138949,0.0
46584,0.0
31674,0.0
40998,0.0
126185,0.0
98936,0.0
23874,0.0
118051,0.0
68681,0.0
70135,0.0
79257,0.0
113406,0.0
10051,0.0
61367,0.0
125058,0.0
85477,0.0
114017,0.0
140431,0.0
95223,0.0
136799,0.0
32059,0.0
17166,0.0
138006,0.0
68832,0.0
78922,0.0
135265,0.0
90053,0.0
12369,0.0
125416,0.0
105878,0.0
138841,0.0
59307,0.0
125647,0.0
37962,0.0
106503,0.0
26326,0.0
30401,0.0
18995,0.0
46166,0.0
76941,0.0
70716,0.0
64723,0.0
82393,0.0
37397,0.0
108091,0.0
53122,0.0
116539,0.0
102737,0.0
11136,0.0
142849,0.0
91648,0.0
26790,0.0
91451,0.0
10204,0.0
99565,0.0
26358,0.0
81266,0.0
38953,0.0
59712,0.0
146813,0.0
12585,0.0
144187,0.0
20934,0.0
64040,0.0
36268,0.0
96213,0.0
13509,0.0
123162,0.0
81139,0.0
97376,0.0
148730,0.0
25891,0.0
62562,0.0
101230,0.0
127760,0.0
96533,0.0
15273,0.0
96722,0.0
14020,0.0
56549,0.0
96334,0.0
124448,0.0
136627,0.0
128831,0.0
85971,0.0
112625,0.0
133511,0.0
13896,0.0
70696,0.0
12563,0.0
85435,0.0
127048,0.0
29995,0.0
73259,0.0
29748,0.0
78344,0.0
58779,0.0
91641,0.0
45205,0.0
146903,0.0
50441,0.0
95679,0.0
100343,0.0
46801,0.0
139800,0.0
136127,0.0
11533,0.0
39830,0.0
66244,0.0
43968,0.0
147884,0.0
4064,0.0
147952,0.0
125763,0.0
133019,0.0
53052,0.0
40278,0.0
119720,0.0
137132,0.0
58623,0.0
105766,0.0
37293,0.0
108950,0.0
101100,0.0
115411,0.0
3314,0.0
44080,0.0
47771,0.0
139530,0.0
149360,0.0
36593,0.0
60061,0.0
65246,0.0
2631,0.0
139281,0.0
105268,0.0
16675,0.0
78167,0.0
149616,0.0
148297,0.0
60939,0.0
55215,0.0
65271,0.0
85140,0.0
63026,0.0
63539,0.0
74887,0.0
6256,0.0
105406,0.0
59438,0.0
84447,0.0
130404,0.0
105512,0.0
146917,0.0
15840,0.0
2557,0.0
33701,0.0
45383,0.0
86534,0.0
148870,0.0
151610,0.0
70604,0.0
31248,0.0
2497,0.0
91908,0.0
57172,0.0
127929,0.0
123865,0.0
129494,0.0
11157,0.0
37052,0.0
84949,0.0
29654,0.0
98793,0.0
120907,0.0
131280,0.0
135192,0.0
3567,0.0
63824,0.0
149692,0.0
75696,0.0
60143,0.0
72339,0.0
78245,0.0
70006,0.0
90739,0.0
25342,0.0
141800,0.0
89716,0.0
31890,0.0
71491,0.0
50410,0.0
89296,0.0
118203,0.0
45212,0.0
136639,0.0
141713,0.0
51053,0.0
7786,0.0
20954,0.0
7485,0.0
131542,0.0
101709,0.0
47558,0.0
89914,0.0
93606,0.0
36243,0.0
58762,0.0
28273,0.0
102937,0.0
26013,0.0
91742,0.0
95378,0.0
16083,0.0
84511,0.0
136120,0.0
64282,0.0
78270,0.0
109176,0.0
123169,0.0
22828,0.0
16119,0.0
109458,0.0
56449,0.0
133704,0.0
44657,0.0
129853,0.0
129672,0.0
68733,0.0
47829,0.0
86213,0.0
120067,0.0
151011,0.0
95124,0.0
140543,0.0
31423,0.0
119135,0.0
85273,0.0
131159,0.0
18586,0.0
94157,0.0
4841,0.0
6548,0.0
33809,0.0
144127,0.0
127298,0.0
81511,0.0
41141,0.0
11070,0.0
123696,0.0
26597,0.0
24980,0.0
25540,0.0
93774,0.0
26306,0.0
147954,0.0
23607,0.0
104839,0.0
113146,0.0
95075,0.0
11341,0.0
94013,0.0
50716,0.0
97875,0.0
139299,0.0
140749,0.0
35493,0.0
50606,0.0
150603,0.0
83931,0.0
9330,0.0
101178,0.0
103494,0.0
448,0.0
148159,0.0
119543,0.0
116639,0.0
48968,0.0
50656,0.0
21632,0.0
12560,0.0
27555,0.0
95,0.0
12555,0.0
128750,0.0
140960,0.0
32804,0.0
43824,0.0
95366,0.0
133380,0.0
119139,0.0
43733,0.0
127022,0.0
114609,0.0
6975,0.0
104777,0.0
61425,0.0
147699,0.0
55155,0.0
141546,0.0
49315,0.0
72891,0.0
9457,0.0
129696,0.0
38436,0.0
20025,0.0
94470,0.0
108340,0.0
84416,0.0
37869,0.0
99270,0.0
130767,0.0
65771,0.0
25831,0.0
53781,0.0
67882,0.0
86225,0.0
57904,0.0
144581,0.0
146426,0.0
28911,0.0
88977,0.0
77098,0.0
55292,0.0
74615,0.0
55360,0.0
134667,0.0
70104,0.0
50270,0.0
104417,0.0
74492,0.0
55190,0.0
73958,0.0
118168,0.0
48010,0.0
65312,0.0
3767,0.0
131446,0.0
37881,0.0
98682,0.0
70019,0.0
16340,0.0
79430,0.0
1327,0.0
151319,0.0
32036,0.0
5830,0.0
97343,0.0
114314,0.0
3239,0.0
143153,0.0
121706,0.0
28782,0.0
60945,0.0
35245,0.0
24854,0.0
93340,0.0
143856,0.0
65612,0.0
65209,0.0
109051,0.0
65338,0.0
105504,0.0
43945,0.0
67734,0.0
87511,0.0
90261,0.0
107428,0.0
18982,0.0
100060,0.0
54401,0.0
77657,0.0
42566,0.0
116455,0.0
26283,0.0
38751,0.0
137357,0.0
130686,0.0
90741,0.0
16579,0.0
48306,0.0
107672,0.0
8773,0.0
29168,0.0
59266,0.0
112607,0.0
91091,0.0
40443,0.0
97286,0.0
37042,0.0
109742,0.0
151390,0.0
140260,0.0
149355,0.0
120810,0.0
63785,0.0
149592,0.0
118899,0.0
3999,0.0
64293,0.0
68814,0.0
107949,0.0
96950,0.0
59257,0.0
123043,0.0
38072,0.0
93761,0.0
40953,0.0
38437,0.0
48728,0.0
30159,0.0
71815,0.0
120871,0.0
81675,0.0
72100,0.0
81363,0.0
4187,0.0
137926,0.0
88040,0.0
102864,0.0
24442,0.0
78444,0.0
120889,0.0
4450,0.0
104698,0.0
34480,0.0
27869,0.0
151664,0.0
103396,0.0
48406,0.0
55056,0.0
97689,0.0
35470,0.0
8740,0.0
95000,0.0
121808,0.0
43039,0.0
150161,0.0
140163,0.0
60976,0.0
13031,0.0
98183,0.0
14435,0.0
67455,0.0
72914,0.0
811,0.0
11351,0.0
112126,0.0
68422,0.0
74957,0.0
136749,0.0
26177,0.0
53345,0.0
84131,0.0
74823,0.0
95130,0.0
13289,0.0
72824,0.0
141403,0.0
126034,0.0
40780,0.0
27619,0.0
143411,0.0
45346,0.0
87394,0.0
140919,0.0
130032,0.0
107321,0.0
121238,0.0
54614,0.0
80191,0.0
108492,0.0
151774,0.0
134643,0.0
51314,0.0
11427,0.0
88470,0.0
61654,0.0
101531,0.0
84814,0.0
136616,0.0
134086,0.0
51745,0.0
57019,0.0
20891,0.0
41823,0.0
151582,0.0
81268,0.0
60124,0.0
76593,0.0
28363,0.0
53107,0.0
5228,0.0
46549,0.0
38103,0.0
19861,0.0
133565,0.0
148663,0.0
49381,0.0
59346,0.0
93522,0.0
79103,0.0
29364,0.0
19201,0.0
145928,0.0
40631,0.0
41253,0.0
20956,0.0
83514,0.0
4658,0.0
31557,0.0
129755,0.0
1154,0.0
103634,0.0
131470,0.0
35787,0.0
106416,0.0
77634,0.0
111917,0.0
128259,0.0
150147,0.0
92104,0.0
4801,0.0
77565,0.0
57907,0.0
148387,0.0
47047,0.0
142161,0.0
8598,0.0
99795,0.0
79612,0.0
5988,0.0
86529,0.0
8753,0.0
148092,0.0
96826,0.0
79141,0.0
77508,0.0
125397,0.0
133190,0.0
6623,0.0
138156,0.0
38593,0.0
89593,0.0
23808,0.0
41996,0.0
134581,0.0
148753,0.0
121982,0.0
29317,0.0
86040,0.0
78096,0.0
39928,0.0
26669,0.0
70073,0.0
119130,0.0
54676,0.0
108967,0.0
130185,0.0
117477,0.0
63681,0.0
69047,0.0
118118,0.0
8146,0.0
134940,0.0
4871,0.0
55635,0.0
106548,0.0
111039,0.0
137306,0.0
56003,0.0
38440,0.0
80025,0.0
21099,0.0
74173,0.0
115699,0.0
46718,0.0
90421,0.0
1554,0.0
18296,0.0
150903,0.0
133407,0.0
137487,0.0
114275,0.0
122743,0.0
51406,0.0
60190,0.0
17526,0.0
75258,0.0
79622,0.0
13611,0.0
89866,0.0
138051,0.0
123577,0.0
25327,0.0
97442,0.0
114259,0.0
69244,0.0
132101,0.0
148825,0.0
145070,0.0
133479,0.0
125145,0.0
150949,0.0
74233,0.0
4569,0.0
1246,0.0
25326,0.0
32191,0.0
134136,0.0
86059,0.0
56772,0.0
26975,0.0
86125,0.0
203,0.0
132810,0.0
44890,0.0
45800,0.0
48727,0.0
36676,0.0
32404,0.0
72547,0.0
23587,0.0
31217,0.0
44133,0.0
71969,0.0
116525,0.0
92651,0.0
109188,0.0
109239,0.0
137362,0.0
87111,0.0
120955,0.0
61481,0.0
100744,0.0
15850,0.0
136590,0.0
69952,0.0
85191,0.0
19630,0.0
144174,0.0
4615,0.0
46026,0.0
77418,0.0
35637,0.0
33681,0.0
79770,0.0
73986,0.0
46173,0.0
18664,0.0
106910,0.0
137659,0.0
81100,0.0
126635,0.0
62478,0.0
38344,0.0
20831,0.0
96275,0.0
71846,0.0
98504,0.0
110009,0.0
135848,0.0
58505,0.0
95440,0.0
45944,0.0
134517,0.0
68545,0.0
90259,0.0
100584,0.0
22408,0.0
31912,0.0
64281,0.0
149012,0.0
61336,0.0
97638,0.0
125791,0.0
144379,0.0
124166,0.0
15467,0.0
3126,0.0
15261,0.0
148361,0.0
45467,0.0
136844,0.0
141545,0.0
115513,0.0
106475,0.0
68993,0.0
37685,0.0
90585,0.0
91592,0.0
30691,0.0
80224,0.0
53577,0.0
768,0.0
131488,0.0
106181,0.0
101654,0.0
62847,0.0
87422,0.0
132880,0.0
108460,0.0
37666,0.0
141639,0.0
78089,0.0
113185,0.0
15889,0.0
13818,0.0
26759,0.0
26590,0.0
122369,0.0
70758,0.0
2168,0.0
85459,0.0
134399,0.0
100628,0.0
46648,0.0
111272,0.0
128022,0.0
9319,0.0
26439,0.0
146634,0.0
127645,0.0
90436,0.0
124193,0.0
83866,0.0
103940,0.0
73971,0.0
94970,0.0
137912,0.0
87187,0.0
1478,0.0
151399,0.0
29949,0.0
75839,0.0
121055,0.0
105308,0.0
21926,0.0
51768,0.0
133868,0.0
118841,0.0
112534,0.0
14104,0.0
84486,0.0
50731,0.0
127607,0.0
13227,0.0
133141,0.0
82454,0.0
110297,0.0
15629,0.0
149058,0.0
97554,0.0
85906,0.0
30553,0.0
27437,0.0
97905,0.0
61264,0.0
47523,0.0
37917,0.0
52561,0.0
119074,0.0
30152,0.0
133357,0.0
89324,0.0
66389,0.0
149127,0.0
13597,0.0
66881,0.0
94830,0.0
46315,0.0
77867,0.0
16489,0.0
144946,0.0
147341,0.0
16928,0.0
57996,0.0
789,0.0
118602,0.0
86012,0.0
51090,0.0
87267,0.0
115106,0.0
86151,0.0
51360,0.0
29024,0.0
92151,0.0
40005,0.0
117136,0.0
6001,0.0
58773,0.0
88592,0.0
53856,0.0
115828,0.0
103971,0.0
101464,0.0
71601,0.0
111976,0.0
49754,0.0
8404,0.0
53686,0.0
59113,0.0
22634,0.0
30253,0.0
89861,0.0
150778,0.0
25637,0.0
141481,0.0
48807,0.0
49010,0.0
95023,0.0
8417,0.0
28029,0.0
81918,0.0
26748,0.0
41549,0.0
70009,0.0
9908,0.0
100186,0.0
117593,0.0
109531,0.0
143745,0.0
103258,0.0
7514,0.0
51082,0.0
24324,0.0
32839,0.0
73141,0.0
40593,0.0
142354,0.0
142132,0.0
132864,0.0
151795,0.0
106652,0.0
98617,0.0
73425,0.0
147093,0.0
138780,0.0
38974,0.0
65204,0.0
107697,0.0
105635,0.0
122585,0.0
91033,0.0
103674,0.0
146765,0.0
109667,0.0
49939,0.0
18635,0.0
15588,0.0
16223,0.0
27094,0.0
93475,0.0
87257,0.0
8557,0.0
56222,0.0
22319,0.0
134852,0.0
112113,0.0
98702,0.0
119539,0.0
115894,0.0
39968,0.0
76075,0.0
137239,0.0
73117,0.0
81811,0.0
64477,0.0
90740,0.0
49921,0.0
81354,0.0
95379,0.0
123285,0.0
35789,0.0
120686,0.0
134707,0.0
27147,0.0
95935,0.0
142934,0.0
6835,0.0
25649,0.0
101927,0.0
42236,0.0
123150,0.0
15244,0.0
11305,0.0
116422,0.0
75946,0.0
5014,0.0
130922,0.0
19494,0.0
110488,0.0
78938,0.0
22532,0.0
92668,0.0
36852,0.0
137272,0.0
43852,0.0
55471,0.0
18931,0.0
85418,0.0
93766,0.0
131795,0.0
66023,0.0
12366,0.0
80985,0.0
27430,0.0
81986,0.0
144763,0.0
42157,0.0
118402,0.0
72306,0.0
146434,0.0
99223,0.0
25348,0.0
11693,0.0
68342,0.0
121898,0.0
67192,0.0
67844,0.0
8397,0.0
16790,0.0
19480,0.0
118666,0.0
48744,0.0
125406,0.0
97545,0.0
48615,0.0
138658,0.0
94664,0.0
27373,0.0
117152,0.0
34294,0.0
114173,0.0
63478,0.0
72999,0.0
41811,0.0
90281,0.0
27069,0.0
29118,0.0
95826,0.0
71063,0.0
80945,0.0
19664,0.0
19197,0.0
115323,0.0
68549,0.0
91257,0.0
87935,0.0
46789,0.0
123337,0.0
70261,0.0
148457,0.0
72212,0.0
142943,0.0
76457,0.0
141778,0.0
143636,0.0
98025,0.0
44541,0.0
93850,0.0
21682,0.0
19455,0.0
104044,0.0
44702,0.0
86391,0.0
119659,0.0
49262,0.0
92407,0.0
137715,0.0
107781,0.0
103496,0.0
16742,0.0
136561,0.0
21321,0.0
25697,0.0
135420,0.0
139447,0.0
19412,0.0
76323,0.0
104407,0.0
101898,0.0
38213,0.0
35539,0.0
76086,0.0
144886,0.0
16465,0.0
31461,0.0
91254,0.0
114934,0.0
105700,0.0
120367,0.0
116742,0.0
128004,0.0
139564,0.0
121817,0.0
64035,0.0
104475,0.0
41477,0.0
19121,0.0
71552,0.0
9361,0.0
23807,0.0
96179,0.0
12471,0.0
127867,0.0
108547,0.0
22333,0.0
62066,0.0
144930,0.0
21761,0.0
124845,0.0
14830,0.0
26763,0.0
25968,0.0
101145,0.0
97806,0.0
84584,0.0
91461,0.0
75716,0.0
79391,0.0
111382,0.0
125568,0.0
44150,0.0
53362,0.0
140038,0.0
77990,0.0
70128,0.0
85007,0.0
34784,0.0
29780,0.0
84633,0.0
89606,0.0
26812,0.0
138643,0.0
132586,0.0
109832,0.0
72550,0.0
61564,0.0
121875,0.0
67247,0.0
71604,0.0
99161,0.0
42207,0.0
47526,0.0
29142,0.0
68041,0.0
46909,0.0
57147,0.0
91269,0.0
144486,0.0
1197,0.0
81174,0.0
145650,0.0
60840,0.0
41144,0.0
114893,0.0
133065,0.0
69032,0.0
133947,0.0
56571,0.0
69046,0.0
32787,0.0
52537,0.0
82507,0.0
100484,0.0
11872,0.0
115911,0.0
87633,0.0
13648,0.0
114407,0.0
42620,0.0
134160,0.0
6855,0.0
28399,0.0
12176,0.0
119113,0.0
143682,0.0
120906,0.0
147570,0.0
14585,0.0
10843,0.0
124077,0.0
64168,0.0
99516,0.0
39795,0.0
55622,0.0
43008,0.0
93163,0.0
1242,0.0
135063,0.0
136060,0.0
7178,0.0
53849,0.0
106061,0.0
142529,0.0
92018,0.0
5323,0.0
37510,0.0
138888,0.0
131141,0.0
86276,0.0
98123,0.0
57181,0.0
146483,0.0
16809,0.0
91308,0.0
62936,0.0
9898,0.0
25650,0.0
34237,0.0
17165,0.0
30446,0.0
100213,0.0
40424,0.0
87670,0.0
102003,0.0
131401,0.0
6484,0.0
6472,0.0
129907,0.0
25963,0.0
116108,0.0
79767,0.0
141581,0.0
7941,0.0
24382,0.0
55887,0.0
100796,0.0
20203,0.0
32557,0.0
58592,0.0
7977,0.0
146699,0.0
140888,0.0
4860,0.0
140728,0.0
82680,0.0
25533,0.0
94808,0.0
36092,0.0
74641,0.0
26671,0.0
30923,0.0
49743,0.0
110623,0.0
83414,0.0
100703,0.0
10949,0.0
38102,0.0
49360,0.0
101842,0.0
71162,0.0
146907,0.0
120569,0.0
65127,0.0
96023,0.0
125135,0.0
87595,0.0
45511,0.0
140027,0.0
61486,0.0
17219,0.0
146823,0.0
109251,0.0
23921,0.0
96100,0.0
97182,0.0
97486,0.0
7895,0.0
135437,0.0
51346,0.0
43056,0.0
125551,0.0
40413,0.0
93697,0.0
60105,0.0
83187,0.0
145382,0.0
41876,0.0
134532,0.0
104069,0.0
150246,0.0
9158,0.0
63156,0.0
142448,0.0
71729,0.0
59278,0.0
17514,0.0
47704,0.0
75669,0.0
42982,0.0
41675,0.0
69251,0.0
79680,0.0
123121,0.0
99205,0.0
98608,0.0
5774,0.0
128460,0.0
98318,0.0
142525,0.0
116903,0.0
38100,0.0
142043,0.0
117169,0.0
75375,0.0
145632,0.0
44903,0.0
150768,0.0
146086,0.0
7731,0.0
119119,0.0
47608,0.0
145357,0.0
146032,0.0
18631,0.0
115282,0.0
49493,0.0
20765,0.0
87214,0.0
116838,0.0
123534,0.0
29541,0.0
132180,0.0
74421,0.0
145812,0.0
78035,0.0
71826,0.0
135150,0.0
122616,0.0
67014,0.0
106280,0.0
122159,0.0
130788,0.0
52810,0.0
80357,0.0
2895,0.0
108554,0.0
144142,0.0
21603,0.0
32893,0.0
48322,0.0
112004,0.0
105215,0.0
144275,0.0
107945,0.0
104946,0.0
5086,0.0
104987,0.0
133961,0.0
72264,0.0
76109,0.0
89317,0.0
148035,0.0
111261,0.0
89017,0.0
41237,0.0
59168,0.0
2840,0.0
13363,0.0
111265,0.0
17088,0.0
99043,0.0
13649,0.0
66547,0.0
102604,0.0
7896,0.0
618,0.0
90959,0.0
115205,0.0
97778,0.0
28405,0.0
54902,0.0
70627,0.0
33789,0.0
55788,0.0
31410,0.0
120943,0.0
115782,0.0
134841,0.0
52983,0.0
70347,0.0
123934,0.0
33343,0.0
65445,0.0
54467,0.0
38536,0.0
36993,0.0
99199,0.0
147995,0.0
29540,0.0
151043,0.0
123252,0.0
141954,0.0
84260,0.0
37598,0.0
17376,0.0
121264,0.0
26818,0.0
67723,0.0
45496,0.0
9444,0.0
82056,0.0
47802,0.0
8734,0.0
55963,0.0
86062,0.0
89088,0.0
99089,0.0
105193,0.0
41605,0.0
28656,0.0
78300,0.0
145622,0.0
23982,0.0
85959,0.0
38648,0.0
86263,0.0
53543,0.0
115817,0.0
21439,0.0
59819,0.0
104038,0.0
25942,0.0
8125,0.0
33899,0.0
116623,0.0
54520,0.0
43836,0.0
89341,0.0
78090,0.0
119723,0.0
78613,0.0
85644,0.0
51821,0.0
11103,0.0
117197,0.0
26333,0.0
96713,0.0
129576,0.0
36991,0.0
124915,0.0
123485,0.0
93035,0.0
119170,0.0
80890,0.0
7975,0.0
30000,0.0
145303,0.0
98706,0.0
115358,0.0
98737,0.0
141802,0.0
145885,0.0
38595,0.0
105832,0.0
110218,0.0
140012,0.0
94063,0.0
118044,0.0
59507,0.0
66466,0.0
48631,0.0
146271,0.0
29585,0.0
113671,0.0
126134,0.0
115414,0.0
19028,0.0
134531,0.0
30844,0.0
114404,0.0
30680,0.0
106027,0.0
112351,0.0
121759,0.0
126910,0.0
5390,0.0
116257,0.0
29883,0.0
60616,0.0
82872,0.0
112390,0.0
137959,0.0
101113,0.0
50273,0.0
78950,0.0
23600,0.0
82485,0.0
55419,0.0
112486,0.0
8097,0.0
14170,0.0
6656,0.0
106954,0.0
151488,0.0
7388,0.0
27477,0.0
99393,0.0
68802,0.0
100693,0.0
136469,0.0
33409,0.0
131317,0.0
63570,0.0
60786,0.0
8824,0.0
97240,0.0
120008,0.0
17897,0.0
4168,0.0
101914,0.0
127174,0.0
94453,0.0
58521,0.0
149065,0.0
140304,0.0
9780,0.0
74846,0.0
22567,0.0
33097,0.0
22278,0.0
76216,0.0
3537,0.0
126763,0.0
2518,0.0
25489,0.0
41361,0.0
56200,0.0
37774,0.0
2486,0.0
35112,0.0
91475,0.0
6540,0.0
134783,0.0
65793,0.0
134234,0.0
103308,0.0
1449,0.0
120341,0.0
92386,0.0
1550,0.0
94216,0.0
115561,0.0
106707,0.0
109809,0.0
78528,0.0
69853,0.0
48785,0.0
98742,0.0
130812,0.0
113375,0.0
126117,0.0
97094,0.0
107771,0.0
67034,0.0
5000,0.0
102064,0.0
125745,0.0
88308,0.0
80402,0.0
55601,0.0
20499,0.0
126722,0.0
123319,0.0
66300,0.0
71529,0.0
39249,0.0
104833,0.0
35318,0.0
62187,0.0
58440,0.0
63567,0.0
148803,0.0
124530,0.0
8169,0.0
94633,0.0
12703,0.0
23980,0.0
33016,0.0
115608,0.0
10207,0.0
145823,0.0
45067,0.0
105210,0.0
48488,0.0
102544,0.0
35922,0.0
4043,0.0
26586,0.0
82819,0.0
139465,0.0
24692,0.0
18832,0.0
14685,0.0
148063,0.0
11515,0.0
115228,0.0
77793,0.0
8355,0.0
23912,0.0
13036,0.0
1858,0.0
31300,0.0
6523,0.0
118074,0.0
98483,0.0
34415,0.0
45457,0.0
1305,0.0
78198,0.0
135016,0.0
66118,0.0
149143,0.0
30161,0.0
84627,0.0
126691,0.0
132882,0.0
54983,0.0
128825,0.0
151279,0.0
79859,0.0
120387,0.0
139075,0.0
65930,0.0
32848,0.0
43423,0.0
103622,0.0
27737,0.0
61044,0.0
4398,0.0
35003,0.0
75628,0.0
27386,0.0
138695,0.0
35672,0.0
59989,0.0
76595,0.0
13700,0.0
111321,0.0
123719,0.0
129248,0.0
52626,0.0
128001,0.0
111026,0.0
25073,0.0
61410,0.0
130241,0.0
11060,0.0
86404,0.0
39551,0.0
36969,0.0
80983,0.0
149429,0.0
46243,0.0
115401,0.0
149684,0.0
55039,0.0
29812,0.0
60142,0.0
145594,0.0
74188,0.0
62072,0.0
150945,0.0
89931,0.0
113903,0.0
41885,0.0
138249,0.0
41183,0.0
50946,0.0
115998,0.0
99624,0.0
85852,0.0
126538,0.0
124311,0.0
3632,0.0
52128,0.0
26870,0.0
114367,0.0
81387,0.0
131245,0.0
102435,0.0
58664,0.0
12387,0.0
17320,0.0
42181,0.0
92584,0.0
77136,0.0
94653,0.0
97854,0.0
131653,0.0
103038,0.0
117021,0.0
55867,0.0
74985,0.0
53474,0.0
142962,0.0
30334,0.0
59410,0.0
50445,0.0
103879,0.0
30764,0.0
9510,0.0
37357,0.0
45204,0.0
98868,0.0
131445,0.0
49309,0.0
1061,0.0
27332,0.0
68767,0.0
122610,0.0
44284,0.0
80228,0.0
25863,0.0
81440,0.0
97555,0.0
1543,0.0
10184,0.0
126956,0.0
113577,0.0
21274,0.0
110690,0.0
4365,0.0
108325,0.0
108697,0.0
146365,0.0
119857,0.0
121003,0.0
83843,0.0
85111,0.0
110374,0.0
25598,0.0
66520,0.0
48656,0.0
124221,0.0
125480,0.0
92599,0.0
93727,0.0
36152,0.0
151362,0.0
3840,0.0
100856,0.0
127264,0.0
127078,0.0
34766,0.0
108510,0.0
118002,0.0
11108,0.0
76542,0.0
79639,0.0
60350,0.0
17239,0.0
26947,0.0
67488,0.0
94964,0.0
40041,0.0
142037,0.0
116397,0.0
77485,0.0
12408,0.0
125366,0.0
150323,0.0
19472,0.0
30473,0.0
40736,0.0
43989,0.0
130983,0.0
100980,0.0
104844,0.0
140901,0.0
57601,0.0
14909,0.0
25205,0.0
45734,0.0
110464,0.0
71219,0.0
118,0.0
17116,0.0
26690,0.0
35649,0.0
46464,0.0
105427,0.0
95756,0.0
39657,0.0
66018,0.0
144820,0.0
125563,0.0
2459,0.0
130414,0.0
46666,0.0
123053,0.0
35419,0.0
93424,0.0
5216,0.0
106710,0.0
73787,0.0
47453,0.0
81879,0.0
123008,0.0
9962,0.0
22507,0.0
84862,0.0
114654,0.0
80428,0.0
98994,0.0
27809,0.0
9713,0.0
116540,0.0
109203,0.0
33663,0.0
6536,0.0
26667,0.0
30863,0.0
149095,0.0
150164,0.0
38065,0.0
27560,0.0
151054,0.0
27693,0.0
3880,0.0
21516,0.0
99176,0.0
25259,0.0
41721,0.0
18573,0.0
132560,0.0
83239,0.0
14011,0.0
113085,0.0
45358,0.0
21592,0.0
62107,0.0
42029,0.0
940,0.0
71935,0.0
14691,0.0
6768,0.0
49911,0.0
100636,0.0
128265,0.0
54402,0.0
37385,0.0
104164,0.0
78615,0.0
127080,0.0
139566,0.0
78681,0.0
73393,0.0
20853,0.0
81874,0.0
1193,0.0
143032,0.0
149742,0.0
35024,0.0
48087,0.0
79087,0.0
98954,0.0
149791,0.0
147796,0.0
29593,0.0
125609,0.0
42332,0.0
388,0.0
17020,0.0
11216,0.0
85862,0.0
47459,0.0
104675,0.0
1385,0.0
6599,0.0
72871,0.0
11321,0.0
92482,0.0
118541,0.0
141920,0.0
22376,0.0
44710,0.0
11879,0.0
20070,0.0
85796,0.0
79836,0.0
143236,0.0
135892,0.0
31532,0.0
133569,0.0
139855,0.0
80690,0.0
122716,0.0
104575,0.0
71466,0.0
76004,0.0
113393,0.0
92455,0.0
107769,0.0
4865,0.0
121282,0.0
16034,0.0
88882,0.0
145489,0.0
121456,0.0
124474,0.0
97932,0.0
5098,0.0
63545,0.0
111341,0.0
102706,0.0
143722,0.0
107698,0.0
37968,0.0
97528,0.0
31383,0.0
46461,0.0
21760,0.0
69330,0.0
22324,0.0
57028,0.0
20667,0.0
60381,0.0
140151,0.0
9551,0.0
55277,0.0
51812,0.0
6120,0.0
145528,0.0
58021,0.0
3441,0.0
132708,0.0
121709,0.0
55417,0.0
68913,0.0
100498,0.0
106065,0.0
47652,0.0
71545,0.0
144339,0.0
111700,0.0
80810,0.0
82821,0.0
34214,0.0
113127,0.0
118579,0.0
35297,0.0
116021,0.0
73015,0.0
50009,0.0
112600,0.0
124210,0.0
130976,0.0
14814,0.0
33891,0.0
56533,0.0
48206,0.0
108989,0.0
22302,0.0
22211,0.0
91567,0.0
56675,0.0
5572,0.0
39875,0.0
97040,0.0
149160,0.0
100730,0.0
138245,0.0
42419,0.0
75330,0.0
56515,0.0
650,0.0
112849,0.0
94527,0.0
106439,0.0
139079,0.0
109355,0.0
117351,0.0
127549,0.0
131260,0.0
72548,0.0
36059,0.0
22869,0.0
17191,0.0
14717,0.0
3729,0.0
118384,0.0
61384,0.0
79848,0.0
53685,0.0
79920,0.0
107999,0.0
11173,0.0
75779,0.0
17766,0.0
64709,0.0
65998,0.0
60525,0.0
52628,0.0
130518,0.0
99555,0.0
115300,0.0
49119,0.0
40290,0.0
141018,0.0
87718,0.0
65234,0.0
26791,0.0
73463,0.0
2813,0.0
19446,0.0
90043,0.0
6087,0.0
142451,0.0
79105,0.0
28796,0.0
48855,0.0
28367,0.0
11163,0.0
58195,0.0
64636,0.0
146848,0.0
128398,0.0
85357,0.0
137149,0.0
61386,0.0
77113,0.0
2101,0.0
142963,0.0
138052,0.0
103910,0.0
88391,0.0
1557,0.0
89204,0.0
15186,0.0
55322,0.0
14813,0.0
117413,0.0
133000,0.0
100611,0.0
8600,0.0
123261,0.0
147883,0.0
86339,0.0
99131,0.0
103450,0.0
17411,0.0
792,0.0
20581,0.0
112706,0.0
31871,0.0
99656,0.0
53275,0.0
76044,0.0
109602,0.0
66672,0.0
31137,0.0
138567,0.0
64704,0.0
117231,0.0
2148,0.0
137065,0.0
12841,0.0
132477,0.0
110897,0.0
114910,0.0
73634,0.0
7631,0.0
145552,0.0
26181,0.0
135935,0.0
150044,0.0
28512,0.0
150760,0.0
29763,0.0
69890,0.0
105121,0.0
26709,0.0
135852,0.0
109409,0.0
8216,0.0
131303,0.0
132633,0.0
30393,0.0
25604,0.0
47449,0.0
131915,0.0
11833,0.0
118690,0.0
127248,0.0
74033,0.0
102573,0.0
128775,0.0
2853,0.0
43314,0.0
136961,0.0
45023,0.0
39015,0.0
111671,0.0
145472,0.0
136482,0.0
129149,0.0
111726,0.0
40574,0.0
114151,0.0
75093,0.0
37431,0.0
73213,0.0
119727,0.0
144434,0.0
9422,0.0
127693,0.0
21740,0.0
53446,0.0
79560,0.0
5017,0.0
59121,0.0
78269,0.0
70123,0.0
15275,0.0
58420,0.0
100841,0.0
65325,0.0
19377,0.0
58119,0.0
134139,0.0
17583,0.0
149507,0.0
10910,0.0
21946,0.0
49934,0.0
14413,0.0
51347,0.0
140985,0.0
107267,0.0
140215,0.0
45272,0.0
43446,0.0
133198,0.0
41474,0.0
126572,0.0
5848,0.0
72725,0.0
39136,0.0
94065,0.0
45737,0.0
150281,0.0
93562,0.0
978,0.0
56789,0.0
37131,0.0
150376,0.0
138503,0.0
98877,0.0
83512,0.0
139386,0.0
140923,0.0
96246,0.0
84504,0.0
44652,0.0
133417,0.0
100503,0.0
134766,0.0
79609,0.0
51200,0.0
134434,0.0
136805,0.0
24825,0.0
32479,0.0
65407,0.0
83530,0.0
12685,0.0
65828,0.0
68296,0.0
82793,0.0
66638,0.0
114477,0.0
6735,0.0
17430,0.0
122733,0.0
42726,0.0
126279,0.0
71930,0.0
6948,0.0
35341,0.0
92876,0.0
314,0.0
29236,0.0
89990,0.0
65382,0.0
85344,0.0
126395,0.0
69776,0.0
13739,0.0
113598,0.0
67083,0.0
87238,0.0
111987,0.0
141321,0.0
96674,0.0
120159,0.0
653,0.0
96715,0.0
128976,0.0
142770,0.0
60571,0.0
76491,0.0
80405,0.0
84464,0.0
16673,0.0
81857,0.0
26863,0.0
101790,0.0
24515,0.0
122692,0.0
137448,0.0
116704,0.0
141121,0.0
82261,0.0
17852,0.0
10027,0.0
148103,0.0
98907,0.0
3595,0.0
117732,0.0
133852,0.0
142220,0.0
103456,0.0
1589,0.0
11268,0.0
139145,0.0
149243,0.0
13785,0.0
11089,0.0
49708,0.0
48556,0.0
33954,0.0
31679,0.0
106152,0.0
128359,0.0
46552,0.0
120796,0.0
51654,0.0
117924,0.0
29223,0.0
45628,0.0
111789,0.0
32087,0.0
117595,0.0
18252,0.0
59404,0.0
35609,0.0
18986,0.0
50762,0.0
125483,0.0
96616,0.0
62773,0.0
35850,0.0
56367,0.0
20106,0.0
141899,0.0
130715,0.0
90411,0.0
143467,0.0
39955,0.0
57350,0.0
129419,0.0
95805,0.0
52713,0.0
31945,0.0
32813,0.0
128761,0.0
27609,0.0
103333,0.0
74106,0.0
6846,0.0
132884,0.0
78358,0.0
103287,0.0
4224,0.0
136818,0.0
74959,0.0
147833,0.0
140568,0.0
82148,0.0
129543,0.0
10914,0.0
73685,0.0
58118,0.0
15844,0.0
146405,0.0
26712,0.0
126939,0.0
104059,0.0
6322,0.0
49969,0.0
73626,0.0
10836,0.0
78918,0.0
58115,0.0
31243,0.0
67889,0.0
5401,0.0
68866,0.0
113425,0.0
37160,0.0
35587,0.0
82332,0.0
144769,0.0
106631,0.0
30278,0.0
128596,0.0
62372,0.0
60169,0.0
10170,0.0
107387,0.0
5477,0.0
66572,0.0
79912,0.0
51209,0.0
26891,0.0
21486,0.0
131037,0.0
141739,0.0
3480,0.0
32612,0.0
4524,0.0
101108,0.0
31860,0.0
17512,0.0
21808,0.0
57177,0.0
4318,0.0
43242,0.0
30509,0.0
151808,0.0
50320,0.0
11061,0.0
53934,0.0
5247,0.0
93049,0.0
90571,0.0
72026,0.0
145665,0.0
3434,0.0
75169,0.0
141927,0.0
97292,0.0
105224,0.0
15267,0.0
131162,0.0
47642,0.0
84231,0.0
105822,0.0
12681,0.0
138316,0.0
50807,0.0
77570,0.0
105959,0.0
57143,0.0
96047,0.0
42985,0.0
123997,0.0
115720,0.0
118104,0.0
102738,0.0
97403,0.0
21717,0.0
103316,0.0
95263,0.0
67404,0.0
123489,0.0
92132,0.0
113645,0.0
142090,0.0
101483,0.0
2324,0.0
64880,0.0
68143,0.0
113299,0.0
62462,0.0
61453,0.0
91988,0.0
132458,0.0
68089,0.0
32966,0.0
101596,0.0
14517,0.0
32599,0.0
26737,0.0
145772,0.0
33117,0.0
112239,0.0
5143,0.0
146492,0.0
139336,0.0
9402,0.0
106885,0.0
30621,0.0
96492,0.0
108002,0.0
143348,0.0
64962,0.0
49202,0.0
64626,0.0
13317,0.0
125302,0.0
145589,0.0
105899,0.0
123106,0.0
68882,0.0
735,0.0
34932,0.0
74222,0.0
134803,0.0
118688,0.0
42444,0.0
59049,0.0
19716,0.0
53607,0.0
10476,0.0
48319,0.0
79025,0.0
62348,0.0
64244,0.0
124867,0.0
19532,0.0
63994,0.0
34923,0.0
99412,0.0
79393,0.0
147498,0.0
8764,0.0
44199,0.0
139061,0.0
106012,0.0
137665,0.0
15277,0.0
91454,0.0
136679,0.0
55542,0.0
148121,0.0
37700,0.0
20661,0.0
40650,0.0
3924,0.0
120833,0.0
145638,0.0
116834,0.0
6495,0.0
9013,0.0
36186,0.0
83799,0.0
128191,0.0
87297,0.0
144967,0.0
144762,0.0
118649,0.0
140967,0.0
103315,0.0
141643,0.0
129515,0.0
93883,0.0
35464,0.0
14812,0.0
75058,0.0
42697,0.0
71780,0.0
51467,0.0
92116,0.0
3388,0.0
94571,0.0
26122,0.0
87735,0.0
67287,0.0
13231,0.0
141578,0.0
33837,0.0
43806,0.0
134872,0.0
19808,0.0
3691,0.0
7835,0.0
24658,0.0
64181,0.0
130736,0.0
93476,0.0
103523,0.0
92591,0.0
59630,0.0
103003,0.0
58873,0.0
23770,0.0
35770,0.0
147312,0.0
46572,0.0
47153,0.0
134553,0.0
140878,0.0
130520,0.0
143876,0.0
89568,0.0
126388,0.0
45338,0.0
76455,0.0
78395,0.0
147117,0.0
129068,0.0
16267,0.0
20162,0.0
79773,0.0
93211,0.0
96974,0.0
29957,0.0
37225,0.0
124076,0.0
57155,0.0
87458,0.0
142841,0.0
23366,0.0
134885,0.0
101951,0.0
66953,0.0
120516,0.0
106536,0.0
140410,0.0
30118,0.0
73484,0.0
64154,0.0
25209,0.0
115140,0.0
55619,0.0
25266,0.0
144072,0.0
76001,0.0
51262,0.0
60406,0.0
75648,0.0
146253,0.0
2762,0.0
29605,0.0
89267,0.0
99255,0.0
83987,0.0
137482,0.0
125485,0.0
139785,0.0
81949,0.0
128288,0.0
35977,0.0
136641,0.0
132967,0.0
149963,0.0
20379,0.0
72865,0.0
92550,0.0
85783,0.0
141964,0.0
104190,0.0
48114,0.0
21959,0.0
5004,0.0
73684,0.0
89223,0.0
122654,0.0
43879,0.0
37074,0.0
124495,0.0
21638,0.0
95647,0.0
60254,0.0
133397,0.0
35437,0.0
102986,0.0
7537,0.0
64469,0.0
65029,0.0
77510,0.0
148066,0.0
34308,0.0
41418,0.0
87029,0.0
127060,0.0
133985,0.0
97346,0.0
54442,0.0
146904,0.0
121496,0.0
126131,0.0
91617,0.0
10565,0.0
84315,0.0
97780,0.0
102594,0.0
84026,0.0
26559,0.0
23517,0.0
122439,0.0
8533,0.0
131122,0.0
66782,0.0
141423,0.0
73294,0.0
125159,0.0
111518,0.0
75613,0.0
77296,0.0
75663,0.0
129673,0.0
13506,0.0
4266,0.0
129903,0.0
63428,0.0
20456,0.0
16722,0.0
80738,0.0
116906,0.0
72828,0.0
72490,0.0
126832,0.0
21526,0.0
103062,0.0
131350,0.0
112977,0.0
140334,0.0
139758,0.0
101924,0.0
61281,0.0
103883,0.0
98866,0.0
150971,0.0
772,0.0
35793,0.0
95608,0.0
137401,0.0
94227,0.0
60215,0.0
65324,0.0
140707,0.0
117686,0.0
86878,0.0
136132,0.0
19423,0.0
145530,0.0
18853,0.0
76436,0.0
41077,0.0
19115,0.0
111861,0.0
125018,0.0
116033,0.0
106592,0.0
103775,0.0
61550,0.0
132826,0.0
50163,0.0
108018,0.0
104254,0.0
83745,0.0
98243,0.0
56555,0.0
20286,0.0
82197,0.0
60040,0.0
59509,0.0
18638,0.0
113877,0.0
124038,0.0
47275,0.0
79502,0.0
6723,0.0
97525,0.0
52868,0.0
142661,0.0
141637,0.0
95310,0.0
101653,0.0
98381,0.0
116973,0.0
61120,0.0
140702,0.0
98351,0.0
126249,0.0
62980,0.0
51046,0.0
53960,0.0
9215,0.0
36135,0.0
8009,0.0
107310,0.0
37412,0.0
125618,0.0
29610,0.0
66214,0.0
150049,0.0
96644,0.0
7490,0.0
15853,0.0
122371,0.0
68558,0.0
112931,0.0
5413,0.0
135459,0.0
110767,0.0
100845,0.0
70291,0.0
8287,0.0
71054,0.0
6358,0.0
60990,0.0
91126,0.0
123386,0.0
33956,0.0
39997,0.0
82952,0.0
115291,0.0
53673,0.0
140227,0.0
72714,0.0
83109,0.0
122423,0.0
91140,0.0
64676,0.0
144447,0.0
92013,0.0
113900,0.0
36161,0.0
9861,0.0
62977,0.0
47706,0.0
41966,0.0
75903,0.0
61613,0.0
144058,0.0
107340,0.0
117250,0.0
149623,0.0
95159,0.0
111972,0.0
61366,0.0
149620,0.0
97188,0.0
140454,0.0
141124,0.0
34909,0.0
30628,0.0
98651,0.0
82935,0.0
138614,0.0
3616,0.0
105623,0.0
70178,0.0
114748,0.0
31214,0.0
88209,0.0
103029,0.0
1109,0.0
17984,0.0
31570,0.0
27005,0.0
106756,0.0
19811,0.0
97160,0.0
45708,0.0
34937,0.0
127542,0.0
97086,0.0
4581,0.0
136878,0.0
32286,0.0
53276,0.0
144882,0.0
133467,0.0
109445,0.0
115350,0.0
55240,0.0
72071,0.0
139142,0.0
136656,0.0
32211,0.0
66117,0.0
25645,0.0
75952,0.0
12219,0.0
126301,0.0
87567,0.0
21517,0.0
19786,0.0
142082,0.0
150989,0.0
6604,0.0
114973,0.0
95327,0.0
35669,0.0
136107,0.0
71521,0.0
30203,0.0
99475,0.0
100480,0.0
10241,0.0
56891,0.0
33622,0.0
62800,0.0
1229,0.0
110698,0.0
44916,0.0
77339,0.0
60751,0.0
43838,0.0
107874,0.0
98639,0.0
6636,0.0
17939,0.0
72704,0.0
135528,0.0
24176,0.0
124066,0.0
69431,0.0
145642,0.0
50690,0.0
147101,0.0
27355,0.0
70702,0.0
142099,0.0
70931,0.0
141053,0.0
85149,0.0
131072,0.0
17734,0.0
142140,0.0
126878,0.0
130187,0.0
88146,0.0
81310,0.0
55005,0.0
63891,0.0
141417,0.0
70951,0.0
52859,0.0
32418,0.0
62227,0.0
107934,0.0
92822,0.0
35304,0.0
128392,0.0
37304,0.0
51794,0.0
61206,0.0
29772,0.0
141043,0.0
75137,0.0
88077,0.0
23919,0.0
130024,0.0
29437,0.0
100953,0.0
63481,0.0
72043,0.0
62416,0.0
69100,0.0
21957,0.0
14902,0.0
31528,0.0
48035,0.0
121666,0.0
33057,0.0
142491,0.0
12626,0.0
90474,0.0
103479,0.0
80874,0.0
55481,0.0
37526,0.0
50419,0.0
4347,0.0
12059,0.0
99885,0.0
107479,0.0
80358,0.0
60323,0.0
10546,0.0
18371,0.0
45411,0.0
65313,0.0
80348,0.0
76969,0.0
50018,0.0
13023,0.0
52316,0.0
57050,0.0
63104,0.0
58433,0.0
73298,0.0
136370,0.0
26475,0.0
51843,0.0
13465,0.0
72921,0.0
140690,0.0
27590,0.0
63508,0.0
